2026-02-13 23:24:35,v2,models/model_v2.pkl,a469c9556082a2ac95f29a619baed217e8034b2c
2026-02-13 23:27:25,v2,models/model_v2.pkl,a469c9556082a2ac95f29a619baed217e8034b2c
2026-02-13 23:29:28,v2,models/model_v2.pkl,a469c9556082a2ac95f29a619baed217e8034b2c
2026-02-13 23:31:12,v2,models/model_v2.pkl,a469c9556082a2ac95f29a619baed217e8034b2c
2026-02-13 23:32:10,v2,models/model_v2.pkl,a469c9556082a2ac95f29a619baed217e8034b2c
2026-02-13 23:32:35,v2,models/model_v2.pkl,a469c9556082a2ac95f29a619baed217e8034b2c
2026-02-13 23:32:38,v2,models/model_v2.pkl,a469c9556082a2ac95f29a619baed217e8034b2c
2026-02-13 23:35:32,v2,models/model_v2.pkl,a469c9556082a2ac95f29a619baed217e8034b2c
2026-02-13 23:35:49,v2,models/model_v2.pkl,a469c9556082a2ac95f29a619baed217e8034b2c
2026-02-13 23:37:43,v2,models/model_v2.pkl,a469c9556082a2ac95f29a619baed217e8034b2c
2026-02-13 23:37:52,v2,models/model_v2.pkl,a469c9556082a2ac95f29a619baed217e8034b2c
2026-02-13 23:40:29,v2,models/model_v2.pkl,a469c9556082a2ac95f29a619baed217e8034b2c
2026-02-13 23:42:12,v2,models/model_v2.pkl,a469c9556082a2ac95f29a619baed217e8034b2c
2026-02-13 23:44:30,v2,models/model_v2.pkl,a469c9556082a2ac95f29a619baed217e8034b2c
2026-02-13 23:44:45,v2,models/model_v2.pkl,a469c9556082a2ac95f29a619baed217e8034b2c
2026-02-13 23:47:18,v2,models/model_v2.pkl,a469c9556082a2ac95f29a619baed217e8034b2c
2026-02-13 23:48:34,v2,models/model_v2.pkl,a469c9556082a2ac95f29a619baed217e8034b2c
2026-02-13 23:48:37,v2,models/model_v2.pkl,a469c9556082a2ac95f29a619baed217e8034b2c
2026-02-13 23:53:35,v3,models/model_v3.pkl,a469c9556082a2ac95f29a619baed217e8034b2c
